{"cameraMode":{"drawMode":0,"name":"Shaded","section":"Shading Mode"},"sceneLighting":true,"audioPlay":false,"sceneViewState":{"m_AlwaysRefresh":false,"showFog":true,"showSkybox":true,"showFlares":true,"showImageEffects":true,"showParticleSystems":true,"showVisualEffectGraphs":true,"m_FxEnabled":false},"in2DMode":false,"pivot":{"x":-0.001328110694885254,"y":1.8120198249816895,"z":-0.25212717056274416},"rotation":{"x":-0.03216908499598503,"y":-0.9677419662475586,"z":0.1854265332221985,"w":-0.16801628470420838},"size":2.8435792922973635,"orthographic":false}